{"cameraMode":{"drawMode":0,"name":"Shaded","section":"Shading Mode"},"sceneLighting":true,"audioPlay":false,"sceneViewState":{"showFog":true,"showMaterialUpdate":false,"showSkybox":true,"showFlares":true,"showImageEffects":true,"showParticleSystems":true},"in2DMode":false,"pivot":{"x":277.8089599609375,"y":-67.58971405029297,"z":276.3363037109375},"rotation":{"x":0.6210286021232605,"y":0.2143423855304718,"z":-0.18195365369319917,"w":0.7316408157348633},"size":72.22816467285156,"orthographic":false}